method,comparison_group,estimate,ci_half_width
RCT (gold standard),NSW experimental control,1794.3423818501024,1318.7319270210667
Naive diff-in-means,CPS,-8497.516148132978,1143.5914275246848
Diff-in-diff style,CPS,3621.2320543996516,1198.5463389658703
PS nearest-neighbor matching,CPS,129.98336791992188,6207.182580566405
Inverse propensity weighting,CPS,-140.40087890625,4734.959936523437
Naive diff-in-means,PSID,-15204.777421490988,1288.4293181220796
Diff-in-diff style,PSID,2326.5049276256073,1266.7420798846865
PS nearest-neighbor matching,PSID,1773.311279296875,5507.315014648437
Inverse propensity weighting,PSID,1641.41015625,3148.232513427734
